University of California--Berkeley ---->>>> University Of California Berkeley
University of Illinois--Urbana-Champaign ---->>>> University Of Illinois at Urbana Champaign
University of Texas--Austin ---->>>> University Of Texas, Austin
University of Michigan--Ann Arbor ---->>>> The University Of Michigan-Ann Arbor
University of California--San Diego ---->>>> University Of California-San Diego
University of Wisconsin--Madison ---->>>> University of Wisconsin - Madison
University of California--Los Angeles ---->>>> The University Of California, Los Angeles
University of Maryland--College Park
Purdue University--West Lafayette ---->>>> Purdue University
University of Massachusetts--Amherst ---->>>> University Of Massachusetts, Amherst
University of California--Irvine ---->>>> University Of California-Irvine
University of California--Santa Barbara ---->>>> University Of California-Santa Barbara
University of North Carolina--Chapel Hill ---->>>> University Of North Carolina At Chapel Hill
University of Minnesota--Twin Cities ---->>>> University Of Minnesota-Twin Cities
Pennsylvania State University--University Park ---->>>> Pennsylvania State Univ University Park
Texas A&M University--College Station ---->>>> Texas A&M Univerisity
University of California--Davis
University of Colorado--Boulder
Rutgers University--New Brunswick
Stony Brook University--SUNY
Indiana University--Bloomington
University of California--Riverside
University of California--Santa Cruz
University of Illinois Chicago
University of Texas--Dallas
University at Buffalo--SUNY
Toyota Technological Institute at Chicago
William & Mary
New Jersey Institute of Technology
University of Maryland, Baltimore County
University of Nebraska--Lincoln
University of Tennessee--Knoxville
Binghamton University--SUNY
University of North Carolina--Charlotte
University of Texas--Arlington
University of California--Merced